{"title":{"values":{"en":"Create a password"},"type":"title","isValid":true},"subtitle":{"values":{"en":"Please enter your password to create your login credentials."},"type":"subtitle","isValid":true},"components":[{"type":"text","id":"password","label":{"values":{"en":"New password"}},"default":"","validate":{"required":true,"minLength":5,"maxLength":100,"missingMessage":{"values":{"en":"Please enter your password"}},"invalidMessage":{"values":{"en":"Please enter a valid password"}},"invalidLengthMessage":{"values":{"en":"Password must be between 5 and 100 characters"}}},"isValid":true},{"type":"text","id":"password","label":{"values":{"en":"Confirm password"}},"default":"","validate":{"required":true,"minLength":5,"maxLength":100,"missingMessage":{"values":{"en":"Please confirm your password"}},"invalidMessage":{"values":{"en":"Please enter a matching password"}},"invalidLengthMessage":{"values":{"en":"Password must be between 5 and 100 characters"}}},"isValid":true},{"isValid":true,"type":"paragraph","id":"paragraph","label":{"values":{"en":""}},"values":{"en":"At least 8 characters, an upper-case and lower-case letter, a number of special characters (such as 123 or !@#$). Do not repeat the same character more than twice in a row (for example \"zzz\")"},"index":2}],"version":"1"}