{"title":{"values":{"en":"Document Confirmation Form"}},"subtitle":{"values":{"en":"Please review your document details below"}},"components":[{"type":"text","id":"documentType","label":{"values":{"en":"documentType"}},"default":"{{processvar._checks.cloudFunctions.DocumentParseV6.metaData.ruleResults.doc.documentType }}"},{"type":"text","id":"documentClassification","label":{"values":{"en":"documentClassification"}},"default":"{{processvar._checks.cloudFunctions.DocumentParseV6.metaData.ruleResults.doc.documentClassification }}"},{"type":"text","id":"documentIssuingCountryCode","label":{"values":{"en":"documentIssuingCountryCode"}},"default":"{{processvar._checks.cloudFunctions.DocumentParseV6.metaData.ruleResults.doc.documentIssuingCountryCode }}"},{"type":"text","id":"documentIssuingState","label":{"values":{"en":"documentIssuingState"}},"default":"{{processvar._checks.cloudFunctions.DocumentParseV6.metaData.ruleResults.doc.documentIssuingState }}"},{"type":"text","id":"documentNumber","label":{"values":{"en":"Document Number"}},"default":"{{processvar._checks.cloudFunctions.DocumentParseV6.metaData.ruleResults.doc.documentNumber }}"},{"type":"text","id":"documentCardNumber","label":{"values":{"en":"Document Card Number"}},"default":"{{processvar._checks.cloudFunctions.DocumentParseV6.metaData.ruleResults.doc.documentCardNumber }}"},{"type":"text","id":"documentDateOfExpiry","label":{"values":{"en":"Date Of Expiry"}},"default":"{{processvar._checks.cloudFunctions.DocumentParseV6.metaData.ruleResults.doc.documentDateOfExpiry }}"},{"type":"text","id":"documentFirstName","label":{"values":{"en":"First Name"}},"default":"{{processvar._checks.cloudFunctions.DocumentParseV6.metaData.ruleResults.doc.documentFirstName }}"},{"type":"text","id":"documentMiddleName","label":{"values":{"en":"Middle Name"}},"default":"{{processvar._checks.cloudFunctions.DocumentParseV6.metaData.ruleResults.doc.documentMiddleName }}"},{"type":"text","id":"documentLastName","label":{"values":{"en":"Last Name"}},"default":"{{processvar._checks.cloudFunctions.DocumentParseV6.metaData.ruleResults.doc.documentLastName }}"},{"type":"text","id":"documentDateOfBirth","label":{"values":{"en":"Date Of Birth"}},"default":"{{processvar._checks.cloudFunctions.DocumentParseV6.metaData.ruleResults.doc.documentDateOfBirth }}"},{"type":"text","id":"documentAddressStreetAddress","label":{"values":{"en":"Street Address"}},"default":"{{processvar._checks.cloudFunctions.DocumentParseV6.metaData.ruleResults.doc.documentAddressStreetAddress }}"},{"type":"text","id":"documentAddressSuburb","label":{"values":{"en":"Suburb"}},"default":"{{processvar._checks.cloudFunctions.DocumentParseV6.metaData.ruleResults.doc.documentAddressSuburb }}"},{"type":"text","id":"documentAddressState","label":{"values":{"en":"State"}},"default":"{{processvar._checks.cloudFunctions.DocumentParseV6.metaData.ruleResults.doc.documentAddressState }}"},{"type":"text","id":"documentAddressPostalCode","label":{"values":{"en":"Postal Code"}},"default":"{{processvar._checks.cloudFunctions.DocumentParseV6.metaData.ruleResults.doc.documentAddressPostalCode }}"},{"type":"text","id":"documentAddressCountry","label":{"values":{"en":"Address Country"}},"default":"{{processvar._checks.cloudFunctions.DocumentParseV6.metaData.ruleResults.doc.documentAddressCountry }}"}],"version":"1"}