{"title":{"values":{"en":"What's your preferred name?"},"type":"title","isValid":true},"components":[{"isValid":true,"type":"paragraph","id":"intro","label":{"values":{"en":""}},"values":{"en":"Our bankers will refer to this name when addressing you."},"index":0},{"type":"text","id":"preferredName","label":{"values":{"en":"Preferred name (Optional)"}},"default":"","validate":{"required":false,"minLength":1,"maxLength":255,"missingMessage":{"values":{"en":"Please enter your preferred name"}},"invalidMessage":{"values":{"en":"Please enter a valid name"}},"invalidLengthMessage":{"values":{"en":"Name must be between 1 and 255 characters"}}},"isValid":true},{"isValid":true,"type":"paragraph","id":"disclaimer","label":{"values":{"en":""}},"values":{"en":"We will use your preferred name and other information you provide for purposes related to assessing your application, interacting with you and verifying your identity. For more information about NAB's personal information handling practices, including how to lodge a privacy-related request, enquiry or complain, please refer to the NAB Group Privacy Notification."},"index":1}],"version":"1"}