{"title":{"values":{"en":"Check your details"}},"subtitle":{"values":{"en":"We have automatically extracted information from your identification document. Verification requires to use the information as provided in your identity document. Changes might result in failure of verification of identity."}},"components":[{"type":"text","id":"documentFirstName","label":{"values":{"en":"First Name"}},"default":"{{processvar._checks.cloudFunctions.DocumentParseV6.metaData.ruleResults.doc.documentFirstName }}"},{"type":"text","id":"documentMiddleName","label":{"values":{"en":"Middle Name"}},"default":"{{processvar._checks.cloudFunctions.DocumentParseV6.metaData.ruleResults.doc.documentMiddleName }}"},{"type":"text","id":"documentLastName","label":{"values":{"en":"Last Name"}},"default":"{{processvar._checks.cloudFunctions.DocumentParseV6.metaData.ruleResults.doc.documentLastName }}"},{"type":"text","id":"documentAddressStreetAddress","label":{"values":{"en":"Street Address"}},"default":"{{processvar._checks.cloudFunctions.DocumentParseV6.metaData.ruleResults.doc.documentAddressStreetAddress }}"},{"type":"text","id":"documentAddressSuburb","label":{"values":{"en":"Suburb"}},"default":"{{processvar._checks.cloudFunctions.DocumentParseV6.metaData.ruleResults.doc.documentAddressSuburb }}"},{"type":"text","id":"documentAddressState","label":{"values":{"en":"State"}},"default":"{{processvar._checks.cloudFunctions.DocumentParseV6.metaData.ruleResults.doc.documentAddressState }}"},{"type":"text","id":"documentAddressPostalCode","label":{"values":{"en":"Postal Code"}},"default":"{{processvar._checks.cloudFunctions.DocumentParseV6.metaData.ruleResults.doc.documentAddressPostalCode }}"},{"type":"text","id":"documentAddressCountry","label":{"values":{"en":"Address Country"}},"default":"{{processvar._checks.cloudFunctions.DocumentParseV6.metaData.ruleResults.doc.documentAddressCountry }}"},{"type":"text","id":"documentDateOfBirth","label":{"values":{"en":"Date Of Birth"}},"default":"{{processvar._checks.cloudFunctions.DocumentParseV6.metaData.ruleResults.doc.documentDateOfBirth }}"},{"type":"text","id":"documentNumber","label":{"values":{"en":"Passport Number"}},"default":"{{processvar._checks.cloudFunctions.DocumentParseV6.metaData.ruleResults.doc.documentNumber }}"},{"type":"text","id":"documentDateOfExpiry","label":{"values":{"en":"Date Of Expiry"}},"default":"{{processvar._checks.cloudFunctions.DocumentParseV6.metaData.ruleResults.doc.documentDateOfExpiry }}"},{"type":"text","id":"documentType","readOnly":true,"label":{"values":{"en":"Document Type"}},"default":"{{processvar._checks.cloudFunctions.DocumentParseV6.metaData.ruleResults.doc.documentType }}"},{"type":"text","id":"documentClassification","readOnly":true,"label":{"values":{"en":"Document Classification"}},"default":"{{processvar._checks.cloudFunctions.DocumentParseV6.metaData.ruleResults.doc.documentClassification }}"},{"type":"text","id":"documentIssuingCountryCode","readOnly":true,"label":{"values":{"en":"Country Code"}},"default":"{{processvar._checks.cloudFunctions.DocumentParseV6.metaData.ruleResults.doc.documentIssuingCountryCode }}"}],"version":"1"}