{"title":{"values":{"en":"What's your mobile number?"},"type":"title","isValid":true},"subtitle":{"values":{"en":"We use your mobile number to identify your account."},"type":"subtitle","isValid":true},"components":[{"type":"phone","isValid":true,"readOnly":false,"id":"phoneNumber","label":{"values":{"en":"Mobile number"}},"default":"","defaultCountry":"AU","validate":{"required":true,"missingMessage":{"values":{"en":"Please enter your phone number"}},"invalidMessage":{"values":{"en":"Invalid mobile number"}}},"index":0}],"version":"1"}